#AUTHID,sEXT,sNEU,sAGR,sCON,sOPN,cEXT,cNEU,cAGR,cCON,cOPN,DATE,NETWORKSIZE,BETWEENNESS,NBETWEENNESS,DENSITY,BROKERAGE,NBROKERAGE,TRANSITIVITY,Valence,Crr_Arousal,Dominance,CC,CD,DT,EX,FW,IN,JJ,NN,PRP,RB,TO,VB
00419a4c96b32cd63b2c7196da761274,1.9,4.15,3.15,4.65,3.45,n,y,n,y,n,10/25/09 03:01 AM,141,8399.66,86.33,0.07,9196,0.47,0.31,-3.28,-5.9,-1.58,-1.08,-0.88,-1.57,-0.29,-0.23,-0.55,-1.65,-1.36,-1.08,0.14,-1.35,-1.61
02c37028a782cfda660c7243e45244bb,2.05,4,2.2,2.2,3.75,n,y,n,n,n,09/25/09 09:53 AM,134,8096.6,92.24,0.07,8311,0.47,0.35,-2.07,-1.23,-0.8,-1.08,1.62,-1.31,-0.29,-0.23,-1.08,-1.08,0.23,-1.08,-1.29,-1.35,-1.5
03133a828cd0cf52e3752813ce5d818f,3.84,3.55,2.85,4.32,3.45,y,y,n,y,n,09/02/2009 03:26,584,164031,96.69,0.02,167499,0.49,0.12,-0.01,0.75,0.34,1.68,8.92,0.82,-0.29,-0.23,1.81,1.35,1.61,0.19,1.87,-0.08,0.89
03e6c4eca4269c183fa0e1780f73faba,3.2,3.6,3.85,4.35,4.8,n,y,y,y,y,06/21/09 06:22 PM,222,21894.7,90.06,0.04,23462,0.48,0.21,-0.35,-0.09,-0.56,1.57,-0.29,1.3,-0.29,0.53,1.08,0.75,1.13,0.25,-0.43,0.18,0.39
06b055f8e2bca96496514891057913c3,2.85,2.35,3.35,4.7,3.35,n,n,n,y,n,12/29/09 12:42 AM,194,18123.1,97.81,0.02,18313,0.49,0.06,1.03,-1.0,0.22,0.69,-0.49,1.54,-0.29,-0.23,0.09,0.62,-0.04,0.32,0.43,0.94,0.61
0724fe854bd455061ba84efecdeff469,3,3.15,2.95,3.55,4.8,n,y,n,y,y,09/08/2009 01:11,236,25651.9,93.3,0.03,26805,0.49,0.18,0.02,1.36,-0.19,-1.08,-0.88,0.42,-0.29,11.68,-0.35,0.1,0.94,-0.08,0.01,0.65,-0.2
0737e4e4980f56c9fb1cb5743001c917,3.35,2.3,4.1,2.4,4.5,n,n,y,n,y,08/20/09 04:21 PM,431,91298.5,98.98,0.01,91701,0.5,0.03,0.4,-0.01,0.38,0.77,-0.1,0.54,-0.29,0.03,0.83,0.89,1.12,0.28,0.08,1.29,1.04
0abd57182992dd9167b88b198350afe4,4.33,2.17,3.17,4.17,4.83,y,n,n,y,y,10/31/09 11:50 PM,654,207792,97.61,0.01,210797,0.5,0.08,0.25,0.22,0.34,0.0,0.88,0.49,-0.29,-0.23,0.05,-0.25,-0.21,-0.13,0.34,-0.68,-0.38
0bfa3d952ffed50f25011b128e73a820,2.8,1.6,3.65,3.25,4.15,n,n,y,n,y,06/23/09 11:24 PM,463,103722,97.4,0.02,105113,0.49,0.13,0.51,-0.24,0.63,0.36,0.05,1.17,-0.29,-0.23,1.1,1.05,1.12,0.67,0.86,0.78,1.07
0e09a1e89675e72bc2c3f2fac504fced,2.85,3.2,2.85,4.1,4.7,n,y,n,y,y,10/05/2009 16:59,176,14764.9,96.98,0.03,14973,0.49,0.09,-1.33,-0.2,-1.46,0.44,-0.34,0.57,-0.29,1.16,0.15,0.55,0.01,-0.38,1.39,0.4,0.3
0ea88660e23db79e2a3c897a5490d0df,4.25,2,3.25,4.75,3.5,y,n,n,y,n,07/04/2009 14:28,298,41492.8,94.4,0.03,42968,0.49,0.14,0.6,-0.28,0.63,0.08,-0.29,0.4,-0.29,-0.23,-0.01,0.55,-0.21,0.54,0.43,0.18,0.14
1187ed8a8b100eb49b8684ac30d6da29,4,4,2.25,4.5,3.25,y,y,n,y,n,07/10/2009 17:31,631,192351,97.08,0.02,195496,0.49,0.14,0.37,-0.05,0.34,-0.41,0.2,-0.09,0.74,-0.23,-0.22,-0.28,-0.22,-0.29,-0.59,-0.08,-0.31
11fc0a8b587b93bb9bfe957f62729d7e,4.25,1.75,4.75,5,4,y,n,y,y,y,06/28/09 08:57 PM,900,397632,98.51,0.01,400980,0.5,0.06,1.66,-0.51,1.24,-0.41,-0.68,-0.79,-0.29,-0.23,-0.85,-1.02,-0.5,-0.86,-0.66,-0.58,-1.0
12006962a8659cc890a5a66913494704,3,2.75,4,3.25,4.33,n,n,y,n,y,06/16/09 04:31 AM,1596,1251780,98.47,0.01,1263790,0.5,0.07,1.52,0.1,0.63,-0.91,0.0,-1.18,-0.29,-0.23,-0.96,-1.12,-1.19,-0.92,-0.89,-1.09,-1.25
127d3a99f86b3ee848fd0449bec048fc,3.35,2.05,3,3.85,4.5,n,n,n,y,y,09/01/2009 00:11,144,8951.17,88.16,0.07,9577,0.47,0.34,-2.93,0.33,-3.86,-1.08,-0.88,2.91,-0.29,-0.23,1.6,3.36,3.28,-1.08,0.14,1.83,1.17
138ac63ec2b55b8f48fd19c300720cae,1.95,3.45,3.05,2.5,3.95,n,y,n,n,y,10/30/09 06:29 PM,415,84621.1,98.98,0.01,84969,0.5,0.04,0.14,-0.32,-0.35,3.56,0.3,2.61,-0.29,-0.23,2.41,0.35,2.52,2.99,1.92,2.21,3.01
13eda4b130aec87b280692cd68e3cabd,3.75,2.25,4.5,3.75,4.25,y,n,y,y,y,06/16/09 06:22 AM,278,36276,94.9,0.03,37357,0.49,0.16,0.34,0.67,0.79,-1.08,-0.88,-1.4,-0.29,-0.23,-1.51,-1.47,-1.46,-0.56,-0.98,-0.3,-0.85
142635bd7f9ed8e4d8c292fa6ccd9aa4,2.25,3.45,2.8,2.7,3.85,n,y,n,n,y,09/20/09 02:48 PM,38,648.17,97.32,0.07,653,0.49,0.06,0.45,-0.09,0.18,-0.52,0.1,0.22,-0.29,-0.23,0.74,0.35,0.5,0.19,0.43,-0.71,0.2
1695fbad7101e34d4cb4686a6770231f,5,1.75,3,3.5,3.5,y,n,n,y,n,07/13/09 01:47 PM,855,349689,96.01,0.02,358852,0.49,0.18,0.08,0.03,-0.11,-0.63,-0.54,-0.34,-0.29,-0.23,-0.5,-0.5,-0.8,-0.3,-0.32,-0.49,-0.54
172400f46880b309ca5e97d322bb8f01,3.45,2.85,2.8,2.7,4.15,n,y,n,n,y,07/15/09 11:19 PM,122,6529.3,89.94,0.07,6893,0.47,0.26,-1.1,-0.09,-0.72,-0.3,-0.78,-0.22,-0.29,-0.23,-0.41,-0.45,-0.62,-0.0,-0.66,-0.62,-0.49
181962441153a36333f0c60701823412,3.4,2.8,3.05,3.05,4.35,n,y,n,n,y,06/22/09 04:18 PM,209,20582.2,95.61,0.03,21092,0.49,0.11,0.2,0.29,0.14,0.28,-0.29,-0.13,-0.29,-0.23,-0.05,-0.25,-0.1,-0.32,0.23,0.18,-0.06
1886cffe45f0ee0240eda42e44a01e07,4.75,1.25,3.5,3.25,3.5,y,n,n,n,n,06/23/09 10:37 PM,289,38381.5,92.87,0.03,40329,0.49,0.15,-0.61,0.37,-0.64,-0.11,-0.88,-0.52,-0.29,0.21,-0.57,-0.02,-0.65,-0.75,-0.39,-0.68,-0.59
19c6d69f9f5acc1a43d6ac498085e69f,2.85,3,3,2.95,3,n,y,n,n,n,09/20/09 12:06 AM,175,14120.1,93.82,0.04,14554,0.48,0.22,-2.59,3.25,-2.48,-1.08,-0.88,-1.57,-0.29,-0.23,-1.63,0.02,-1.36,-1.08,-1.29,-1.35,-1.61
1bd281623fa6ad208caa394dcad75c7d,2.1,2.7,3.4,2.05,3.65,n,n,n,n,n,06/17/09 06:45 AM,573,154659,94.7,0.02,160407,0.49,0.18,-0.23,-0.24,0.05,-0.41,-0.68,-0.79,-0.29,-0.23,-0.85,-0.12,-0.82,-0.64,-0.61,-0.58,-0.72
1c10cc0852579d2fa000e3fc3327bb98,2.6,2.65,2.1,2.2,3.5,n,n,n,n,n,08/20/09 07:30 AM,139,9100.53,96.27,0.04,9251,0.49,0.11,-0.64,-0.09,-0.8,-0.52,2.31,0.08,-0.29,0.09,-0.44,-0.73,0.17,-0.85,-0.43,0.24,-0.57
1d6d222bd3fb4c0af35466042cb82d78,1.95,2.4,3.8,2.8,2.7,n,n,y,n,n,06/25/09 10:46 PM,686,223635,95.46,0.02,230361,0.49,0.16,1.29,1.09,1.28,1.9,0.88,0.58,-0.29,-0.23,-0.37,0.0,0.22,0.35,-0.26,0.65,1.02
1ece40ac9b657dea8c22a1fe58d3a6fe,3.5,1.75,4.75,3,4.25,n,n,y,n,y,06/26/09 02:47 AM,256,30788.5,95.07,0.03,31646,0.49,0.16,-0.52,0.86,-0.39,1.41,-0.44,1.08,0.74,-0.23,1.15,1.05,0.68,3.31,1.59,1.89,1.98
200255966ca6e2636535b5b93ac04497,3.15,1.9,4.15,4,3.55,n,n,y,y,n,07/16/09 09:48 PM,75,2650.67,98.14,0.04,2660,0.49,0.05,-0.35,-0.28,0.26,0.0,0.59,-0.36,-0.29,-0.04,-0.5,0.3,-0.32,0.49,0.3,-0.2,0.12
225c97c90103cc04cda7d10845f2733e,2.7,1.45,3.8,4.35,3.3,n,n,y,y,n,06/17/09 10:33 AM,102,4216.48,83.49,0.09,4694,0.46,0.32,1.29,0.37,1.2,-0.08,-0.59,-0.22,-0.29,-0.23,-0.01,-0.25,0.4,-0.22,-0.43,0.94,0.01
22d1f7b24168528163c515b1c96a879c,3.13,1.56,4.38,3.88,3.5,n,n,y,y,n,08/29/09 02:01 PM,333,53583.4,97.52,0.02,54306,0.49,0.07,2.26,-1.49,3.16,4.44,-0.88,-0.07,-0.29,-0.23,-0.55,0.02,0.96,-1.08,0.14,5.0,-0.92
2382eeba332f59ff29cf63a839a33f9a,2.4,3.75,2.95,3.1,3.75,n,y,n,n,n,07/08/2009 17:01,313,45656,94.11,0.03,47527,0.49,0.13,-0.81,2.27,0.67,-0.91,-0.44,-1.21,-0.29,-0.23,-1.27,-0.8,-1.17,-0.85,-1.08,-0.96,-1.03
259f8f9cce95b214dc9924af48bcd6f0,3.3,2.85,4.2,3.4,4.75,n,y,y,n,y,06/22/09 03:11 AM,1460,1056550,99.34,0,1060480,0.5,0.03,0.74,-0.39,0.75,0.22,-0.44,-0.4,-0.29,-0.23,-0.22,-0.4,-0.23,-0.57,-0.61,-0.3,-0.45
2609216746274fd785c35801fb53e9d8,4.5,3,2.25,5,4.75,y,y,n,y,y,09/27/09 05:52 PM,288,39168,95.44,0.02,40303,0.49,0.13,0.17,-0.24,0.46,-0.3,-0.1,-0.81,0.4,-0.04,-0.73,-0.77,-0.83,-0.5,-0.68,-0.3,-0.46
28038d4b1e4bcfc3b91960f095eccca4,4.6,1.6,4.1,3.9,4.9,y,n,y,y,y,06/16/09 12:04 AM,775,289468,96.76,0.01,296135,0.49,0.07,0.6,-0.24,1.07,0.08,-0.19,0.11,-0.29,-0.23,0.63,0.92,1.16,-0.42,0.92,1.32,-0.06
2a7471dcf8d1e9b91c89eb91fc2a140d,3.25,3.25,3.75,4.25,3.5,n,y,y,y,n,06/20/09 10:51 PM,146,9777.14,93.65,0.05,10084,0.48,0.19,-0.75,-0.54,-0.23,-0.83,-0.88,-1.03,-0.29,-0.23,-1.24,-1.5,-1.4,-0.94,-0.65,-0.77,-1.05
2badb47503a98766c89e266d1130969a,3.55,2.3,3.65,4.65,4.6,n,n,y,y,y,08/15/09 05:06 PM,379,66420.9,93.22,0.03,69191,0.49,0.27,-0.23,0.67,-0.56,-0.52,-0.19,-0.94,-0.29,-0.23,-0.51,-0.45,-0.81,-0.67,-0.52,-0.9,-0.84
2d14a09b41a0d12b9e60377a0a8e14a8,1.75,3.6,3.6,2.1,3.85,n,y,y,n,y,10/12/2009 19:26,50,1146.83,97.52,0.06,1150,0.49,0.08,-0.26,-0.62,-0.68,0.17,0.44,1.39,2.8,-0.23,0.79,-0.15,0.6,0.49,0.52,0.08,0.39
2ea1efd66ffc011621a4a74e06005e23,4.1,1.78,3.3,4.3,4.7,y,n,n,y,y,07/13/09 05:19 PM,947,442522,99,0.01,444948,0.5,0.03,0.02,-0.39,0.26,0.47,0.15,0.57,0.05,-0.1,0.54,0.07,0.34,0.51,0.43,0.02,0.33
301e1788a595203d0daf3fed10afe1c9,3,2.5,4,3.5,3.75,n,n,y,y,n,06/27/09 11:15 AM,493,115837,95.9,0.02,118848,0.49,0.12,0.6,0.06,0.34,-0.52,-0.88,-0.97,-0.29,-0.23,-0.98,-0.98,-1.21,-0.19,-0.26,0.18,-0.64
318bf822d4f2bd3920367560218619c0,4.5,4,3,4.5,3.75,y,y,n,y,n,06/27/09 11:21 PM,318,49024.8,97.88,0.02,49584,0.49,0.06,-0.15,0.82,-0.39,-0.19,0.0,-0.72,0.05,-0.1,-0.67,-0.45,-0.53,-0.62,-0.66,-0.55,-0.68
325e62f4e7e4f64a03fcf831a8d80bf1,4.35,1.7,4.75,3.55,4.7,y,n,y,y,y,09/24/09 07:35 PM,595,172875,98.16,0.01,174859,0.5,0.05,-3.62,1.01,-0.44,-1.08,-0.88,-0.07,-0.29,-0.23,0.52,-1.65,-0.43,-1.08,0.14,1.83,0.82
330abbccd3c0ad0fdb0cbe815599bd4f,2.5,3,4,3,4,n,y,y,n,y,06/25/09 10:32 PM,239,24116.1,85.51,0.05,26937,0.48,0.27,-0.03,-0.28,0.26,-0.41,0.3,0.11,-0.29,-0.23,-0.08,-0.32,-0.45,-0.96,-0.72,0.43,-0.45
331a1fdb9c8304206db1b7c4c6852363,2.45,2.95,3.3,3.55,4.6,n,y,n,y,y,09/10/2009 21:42,119,5588.16,80.95,0.1,6340,0.46,0.37,-0.29,-0.16,0.05,0.0,0.3,0.45,-0.29,-0.23,0.41,0.55,0.06,0.4,0.86,0.46,0.41
33e1c2ac25051eda8cc69d1379f584eb,4,1.5,4.35,3.9,4.8,y,n,y,y,y,07/07/2009 09:30,241,28030.7,97.74,0.02,28314,0.49,0.07,0.83,0.9,0.83,-0.3,-0.49,-0.19,-0.29,-0.23,-0.12,0.02,-0.1,0.25,0.77,0.18,-0.33
341d74a026925b6a0bde7b58c519c414,2.75,3.25,2,4.5,3.5,n,y,n,y,n,07/31/09 05:01 AM,262,32959,97.14,0.02,33381,0.49,0.13,1.69,-1.19,2.46,-1.08,0.74,-0.09,-0.29,-0.23,-0.56,-1.65,-0.29,-1.08,-0.35,-1.35,-0.47
35efb99775d5ee7e83cf7912591984d5,2.45,4,2.85,2.35,4.1,n,y,n,n,y,01/18/10 09:15 AM,65,1696.85,84.17,0.1,1876,0.47,0.28,-0.87,-2.78,-5.09,-1.08,-0.88,-1.57,-0.29,-0.23,-1.63,0.02,-0.43,3.69,-1.29,-1.35,-0.92
370a8295df2f8b9069e75422c37d2639,4,1.65,3.1,3.1,4.5,y,n,n,n,y,06/22/09 03:08 PM,89,3755.17,98.1,0.03,3804,0.5,0.02,1.34,0.79,1.85,-0.33,0.44,-1.03,-0.29,-0.23,-1.05,-0.45,-0.9,-0.51,-0.13,-0.77,-0.93
37195f370c3fd7486ccedb1519b026c2,4.13,1.43,4.5,3.5,4.13,y,n,y,y,y,06/15/09 02:36 AM,694,234370,97.74,0.01,237664,0.5,0.07,-0.38,0.14,-0.23,0.36,0.15,0.64,0.05,-0.1,0.7,0.99,0.53,0.36,0.27,-0.04,0.41
374035e42f4b691c2b9c7b915ef1aeae,3.25,3,3.5,4.5,4.25,n,y,n,y,y,06/30/09 07:30 PM,549,141358,94.32,0.02,146775,0.49,0.18,1.69,0.18,-0.64,-1.08,0.35,-1.19,-0.29,-0.23,-0.82,-0.4,-1.01,-1.08,-0.58,-1.35,-1.44
3b474abc02985674f2b64e46a939bb3d,3.6,1.95,4.2,3.6,4.8,y,n,y,y,y,06/30/09 01:57 PM,804,312739,97.12,0.01,321175,0.5,0.01,-0.23,0.29,-0.07,0.08,-0.1,1.15,3.15,-0.23,1.34,0.72,1.26,0.89,0.83,0.81,1.28
3b6a414b280222a29d0a95c473cf6b61,2.05,1.55,4.55,3.95,4,n,n,y,y,y,06/22/09 01:38 AM,322,50065.9,97.48,0.02,50696,0.49,0.1,-0.84,0.37,-1.25,-0.17,-0.29,0.05,-0.29,-0.04,-0.47,-0.35,-0.15,-0.27,-0.56,-0.3,-0.17
3cc2cbf4c8c9c9f05590a092a9e9cacb,2.75,3.75,3.75,4.75,4.25,n,y,y,y,y,06/26/09 01:23 PM,332,51669.8,94.61,0.03,53479,0.49,0.18,0.05,1.05,-0.07,0.25,-0.29,0.22,-0.29,-0.23,0.05,0.95,-0.21,0.06,0.08,-0.96,-0.36
3d7847b1c33b5f5811208b4aa1a7ffbd,3.15,3.6,3.4,2.2,4.25,n,y,n,n,y,08/22/09 04:30 PM,255,30917.9,96.22,0.03,31439,0.49,0.19,0.22,0.44,-0.03,0.06,0.1,-0.16,-0.29,-0.1,0.11,0.08,-0.12,-0.42,-0.33,-0.62,-0.24
3fe44fab3eb561ae418a22182ec75fad,4,3.75,3.25,2,3.75,y,y,n,n,n,11/18/09 04:56 AM,329,49454.7,92.22,0.03,52282,0.49,0.17,1.11,0.25,4.18,1.68,-0.88,-0.82,-0.29,-0.23,-0.01,-1.65,-0.66,-1.08,1.58,0.24,-1.27
436e99cf44a590f9fa63638544619ce1,4.5,2.75,4.25,5,4.75,y,n,y,y,y,06/27/09 08:36 AM,1151,650745,98.5,0.01,656894,0.5,0.06,0.83,-0.28,0.79,0.0,0.15,0.94,0.74,-0.23,0.05,0.35,-0.03,0.49,0.34,0.37,0.43
43e9b5847ad2e94f53bcc9d826093a76,3.68,2.45,4.35,4.05,4.4,y,n,y,y,y,08/19/09 10:28 PM,419,82139,94.25,0.02,85492,0.49,0.15,1.54,-0.54,-0.07,-1.08,-0.88,-1.08,-0.29,-0.23,-1.27,-0.55,-1.06,-0.56,-0.82,-0.3,-0.47
448084546d4ae45e47c3a83f338ade56,3.7,3.15,4.3,3.75,3.85,y,y,y,y,y,06/16/09 10:31 PM,216,21645,94.09,0.03,22428,0.49,0.15,0.97,0.44,1.16,-0.83,0.15,-0.49,-0.29,1.66,0.11,0.55,0.11,-0.08,1.29,-0.2,0.14
450c787001b004af69428e267c7a4ca1,2.3,3.5,4.5,2.85,4.5,n,y,y,n,y,09/08/2009 10:01,297,41728.8,95.58,0.03,42826,0.49,0.17,-0.09,0.37,-0.07,0.33,-0.54,-0.04,-0.29,-0.1,-0.11,0.02,-0.29,0.59,0.3,-0.24,0.13
45a8b713a08f44ad954463e0aa979235,3,2.75,3.75,3.75,3.5,n,n,y,y,n,07/09/2009 01:04,431,90115.4,97.7,0.02,91202,0.49,0.08,-0.67,-0.43,0.3,0.17,0.0,0.85,-0.29,-0.23,0.41,0.75,0.01,-0.37,-0.39,-0.2,-0.3
45ab97edbe4e93bc1017bcd28483a678,4.05,2.4,3.8,3,4.85,y,n,y,n,y,09/20/09 03:50 PM,563,153582,97.43,0.01,156035,0.49,0.08,0.45,0.63,0.79,0.03,-0.49,-0.37,2.46,-0.23,-0.77,-0.05,-0.3,-0.32,-0.84,-0.08,-0.11
4a6ef0fc11285732bde96e8863dcb7f4,3.8,3,3.94,3.1,4.75,y,y,y,n,y,07/07/2009 22:10,622,188741,98.04,0.01,190791,0.5,0.11,0.77,0.1,0.63,0.86,2.06,0.52,-0.29,-0.23,1.17,1.85,0.96,1.14,0.86,-0.39,0.75
4b8c9b247d45495cdb1ebf755fcec1f6,3.75,2.5,4,4.75,4.5,y,n,y,y,y,06/17/09 06:09 AM,289,39253.6,94.98,0.03,40499,0.49,0.13,-0.18,0.1,-0.23,-0.08,-0.05,0.03,0.05,-0.1,-0.33,-0.52,-0.56,-0.3,-0.32,0.02,-0.11
4bbb1f5843d9d6e8966dce58179f01de,2.55,2.65,4,2.95,4.05,n,n,y,n,y,07/15/09 02:00 PM,81,2684.16,84.94,0.13,2834,0.45,0.52,-0.29,-0.7,0.1,0.36,1.28,0.4,-0.29,-0.23,1.38,0.22,0.83,1.33,1.23,1.83,1.17
4cac659f923d6f3b4605f38477a04458,2.8,3.15,3.65,3.45,4.35,n,y,y,n,y,09/18/09 05:08 PM,340,53444.2,93.29,0.03,55628,0.49,0.26,-0.29,0.18,0.01,-0.14,-0.39,0.02,0.4,0.09,-0.14,0.15,-0.14,0.13,0.3,-0.2,-0.04
4d035bd3fd8d9595d15cea9e388964be,3.7,2.9,3.4,3.35,4.05,y,y,n,n,y,07/19/09 05:40 PM,57,1509.5,98.02,0.05,1522,0.49,0.03,0.42,0.25,0.54,-0.5,-0.29,-0.54,-0.29,-0.23,-0.66,-0.4,-0.99,-0.42,-0.69,0.08,-0.26
4e5bc97d95f3aca05d420bfd4e3a2639,4.65,2.2,3.7,2.1,3.85,y,n,y,n,y,08/01/2009 11:41,175,14199.5,94.34,0.04,14654,0.49,0.17,0.4,-0.7,0.79,-0.08,1.77,1.48,1.77,-0.23,1.92,0.85,0.71,0.35,0.34,-0.2,0.52
4f48c6c8051e144c717ce143e8d77782,2.15,3.1,3.8,2.8,3.85,n,y,y,n,y,11/01/2009 00:21,84,3223.35,94.72,0.06,3287,0.48,0.15,0.28,-0.35,0.63,0.36,-0.1,-0.01,-0.29,-0.23,-0.21,-0.85,-0.26,0.95,0.03,0.05,0.14
502db2fcfe26705ae16a46c5cb2ad2e5,3.2,3.3,4.55,3.2,4.45,n,y,y,n,y,06/27/09 01:11 PM,188,16902.2,97.19,0.02,17179,0.49,0.05,0.45,0.1,0.46,0.88,-0.14,1.27,-0.29,0.53,1.16,0.95,0.86,0.38,1.09,1.83,1.48
504862f12f8c000ae4358a10d657e8f5,3.9,1.7,4.2,4.6,4.7,y,n,y,y,y,09/22/09 08:51 AM,1267,767221,95.81,0,798934,0.5,0.01,0.08,0.67,0.5,-0.19,-0.1,0.58,-0.29,0.28,0.82,0.55,0.7,0.19,0.43,1.07,0.61
521896b01c1a506dc4404e600fa99c5b,3.7,3.7,3.65,1.95,4.84,y,y,y,n,y,06/23/09 03:43 AM,29,334.42,88.47,0.14,348,0.46,0.26,-0.23,-0.05,-0.35,0.19,0.15,0.42,-0.29,-0.23,0.14,0.42,-0.16,0.25,0.13,0.34,0.19
526ac2635cb3f5e0ee5d7424e83e9107,2.45,2.7,3.1,4,4.3,n,n,n,y,y,10/10/2009 06:23,633,196606,98.6,0.01,198186,0.5,0.07,-0.06,-0.2,0.14,-0.44,-0.34,-0.34,-0.29,-0.23,-0.58,-0.73,-0.85,-0.3,-0.72,-0.74,-0.61
527ed53d2ba3a3bc417b8402d5b2f556,3.35,2.75,2.85,3.1,4.15,n,n,n,n,y,07/29/09 04:32 PM,789,303058,97.74,0.01,307565,0.5,0.07,0.31,0.03,0.18,0.36,0.54,1.72,0.05,-0.23,1.29,0.57,1.63,0.27,1.02,1.35,0.82
5299b573a6caaf4aebfb3cf6bc8acfd8,4.7,1.55,3.7,4.4,4.9,y,n,y,y,y,06/15/09 09:14 PM,457,100045,96.44,0.02,102101,0.49,0.16,0.48,-0.28,0.75,0.5,0.15,0.4,1.08,-0.1,0.83,0.65,0.27,2.5,0.85,0.97,1.49
530e195e467f673de0917893fbf9299a,1.9,2.7,4.1,4.2,4.45,n,n,y,y,y,06/21/09 11:04 PM,56,1205.1,81.15,0.12,1362,0.46,0.31,0.17,0.48,-0.27,0.36,0.1,0.16,-0.29,-0.23,0.14,0.42,-0.19,0.32,0.08,0.43,-0.06
540159466df2f050426692ddaac1eab4,3,1.75,4,4.75,4,n,n,y,y,y,06/30/09 07:47 AM,315,47078.6,95.8,0.03,48149,0.49,0.19,0.45,-0.43,0.54,-0.52,-0.39,-0.4,0.4,-0.23,-0.49,-0.98,-0.41,-0.42,-0.4,-0.27,-0.54
5489ed38556af050d6a93e5d27b95dfb,4.15,3.1,3.2,3.6,3.8,y,y,n,y,y,07/23/09 05:55 PM,950,438219,97.42,0.01,445454,0.5,0.09,-1.64,0.56,-1.86,0.3,0.59,-0.37,3.15,0.4,-0.44,-0.32,-0.34,-0.45,-0.72,-0.08,0.2
5532642937eb3497a43e15dbb23a9d2d,1.4,4.05,3.3,3.4,3.95,n,y,n,n,y,02/10/2010 02:01,154,11424.5,98.25,0.02,11510,0.49,0.05,0.2,-0.32,0.01,-1.08,-0.88,-1.57,-0.29,-0.23,-1.63,0.02,-0.89,-1.08,-1.29,-1.35,-0.92
567632b6b7ae8ce7297affcd7ff42c95,4.5,4,4,2,2.25,y,y,y,n,n,07/18/09 04:44 PM,845,350408,98.5,0.01,353642,0.5,0.05,0.48,0.06,0.54,-0.36,-0.49,-0.07,-0.29,0.15,-0.12,0.02,-0.31,-0.35,-0.4,0.43,-0.04
57c2d8496ceb8e92022bcac20cca27e1,3.55,1.4,4.45,4.15,4.8,n,n,y,y,y,06/21/09 02:48 PM,77,2830.5,99.32,0.03,2837,0.5,0.01,-0.01,-0.32,0.3,-0.47,-0.49,0.02,0.4,-0.23,-0.29,-0.92,-0.44,-0.32,-0.72,-0.14,-0.42
5880081cd3de1619cd431a75d9052dfc,2.9,2.2,3.05,3.9,4.1,n,n,n,y,y,07/10/2009 21:43,72,2015.24,81.1,0.12,2262,0.46,0.38,0.31,-0.88,-0.11,0.86,-0.19,-0.52,-0.29,-0.23,-0.87,0.45,-0.59,-0.42,0.31,0.88,-0.15
5c73047a8292131a9aa261cfa07932fd,3.45,1.65,4.55,3.5,4.65,n,n,y,y,y,09/01/2009 17:24,695,238038,98.99,0.01,239033,0.5,0.05,0.05,0.37,0.46,0.25,0.88,-0.49,-0.29,-0.23,-0.34,0.15,-0.49,-0.7,0.26,0.18,-0.78
603f11575493fd2df5d15faa9c96cec8,2.38,3.25,3.38,3.25,3.38,n,y,n,n,n,07/02/2009 11:34,82,2956.54,91.25,0.09,3036,0.47,0.38,-1.04,-1.19,-3.5,-1.08,-0.34,-1.4,-0.29,-0.23,-0.92,-1.1,-1.26,-1.08,-0.98,-1.0,-1.23
60751629cdaa2f62ebc9a33209fcca8e,4.5,1.5,3.25,3.5,4.75,y,n,n,y,y,07/02/2009 23:25,826,338268,99.52,0,339027,0.5,0.01,0.68,-0.32,0.38,0.17,-0.39,1.2,-0.29,0.4,1.87,1.1,1.26,0.59,-0.07,-0.24,0.54
65266a09dc3d274bed54447cf4565392,2.9,2.65,3.45,3.45,4,n,n,n,n,y,09/29/09 11:24 PM,222,17150.1,70.55,0.09,22359,0.46,0.34,0.51,0.82,0.5,-0.39,1.08,-0.37,-0.29,0.72,-0.55,-0.4,-0.04,0.35,-0.29,-1.35,0.13
666c166767bb6645ee3dde9804faa6a9,4.5,1.55,3.85,2.6,3.95,y,n,y,n,y,08/31/09 02:52 AM,1043,532379,98.16,0.01,538780,0.5,0.06,-0.38,-0.32,0.75,0.47,-0.88,-0.1,-0.29,5.95,-0.57,0.22,0.13,0.7,-0.69,0.88,-0.06
6810431fc51108130be92d505ea4944b,2,4,3.75,4,4.25,n,y,y,y,y,06/26/09 01:37 PM,721,248889,96.16,0.02,255465,0.49,0.12,0.8,-0.05,0.63,2.65,-0.29,1.35,-0.29,-0.23,1.44,0.4,0.68,1.64,0.69,0.46,1.43
690d0ead7039eccdcaeb4d9f77b168b5,2.9,3.75,3.15,3.35,4.75,n,y,n,n,y,06/17/09 03:32 AM,354,59885.4,96.39,0.02,61142,0.49,0.1,-0.26,-0.16,0.5,-0.63,0.0,-0.01,-0.29,-0.1,0.07,0.02,-0.04,0.06,-0.09,-0.39,-0.03
692758eda219c4fdb6aa64e929be3ff0,2.55,2.85,3.9,2.5,4.4,n,y,y,n,y,06/21/09 03:35 AM,145,10258,99.63,0.02,10272,0.5,0.01,-0.09,-0.16,0.01,-0.03,0.1,0.55,0.4,-0.23,0.44,0.55,0.78,0.01,0.74,0.11,0.35
6980ce18350d98916f56c95b4dc4496d,2.75,2.8,3.25,2.5,4.35,n,y,n,n,y,12/25/09 06:18 PM,70,1969.99,83.97,0.1,2172,0.46,0.29,0.31,-0.01,1.44,-1.08,4.02,-0.82,-0.29,-0.23,-0.01,0.85,0.5,-1.08,-1.29,0.24,0.13
69adae32cb076bf219e0d856ef233008,3.25,2.8,4.05,3.4,4.35,n,y,y,n,y,11/13/09 11:45 PM,443,92762.5,95.18,0.02,95665,0.49,0.15,-0.49,2.04,-2.72,-1.08,-0.88,-0.07,-0.29,-0.23,-1.63,0.02,-0.89,-0.29,-0.58,-1.35,-0.92
69d136c8d8dc113c3aee4835e941798d,2.7,3.05,1.65,1.55,3.65,n,y,n,n,n,06/19/09 01:52 PM,312,44661,92.65,0.05,46150,0.48,0.38,-0.38,0.6,-1.01,-0.52,-0.14,-0.22,-0.29,-0.23,0.09,0.02,-0.2,-0.13,-0.22,-0.24,0.23
6b87839f53a878460fca47c778ec9e3a,3.5,2,3.9,4.5,3.9,n,n,y,y,y,10/25/09 03:52 AM,413,82803.9,97.8,0.02,83757,0.49,0.07,1.03,1.28,0.75,-0.3,-0.88,-0.94,-0.29,-0.23,-0.87,-0.48,-0.59,-1.08,-0.29,-0.01,-0.74
6c1d913a21f2f3febbd15ee6044a4ac1,3.6,2.8,3.65,3.45,4.05,y,y,y,n,y,11/09/2009 18:49,295,42927.7,99.67,0.01,42998,0.5,0.01,-0.61,-0.43,-0.92,0.03,0.1,-0.07,3.15,-0.23,-0.12,0.02,-0.2,-0.77,-0.86,-0.71,-0.5
6c651f6e7d9104dac0ab60549f89fbb7,2.4,3.05,4.1,3,4.1,n,y,y,n,y,11/20/09 01:35 AM,166,12689.4,93.79,0.04,13137,0.49,0.17,-2.3,-0.32,-1.05,-0.17,0.74,-0.58,11.06,-0.23,1.21,-0.55,0.63,-0.56,0.13,1.8,0.45
6d532e15130603bca8c7e08c8c7e1411,3.6,2.55,3.7,4.8,4.45,y,n,y,y,y,08/31/09 01:18 AM,174,13616.8,91.52,0.05,14360,0.48,0.19,-0.78,-0.77,0.42,-0.52,-0.88,-0.07,-0.29,2.29,0.09,0.35,0.87,-0.77,-0.72,-0.08,-0.22
6f2bebc01062eb8334dccba3e048fdb5,4.2,1.55,4.95,3.4,4.65,y,n,y,n,y,06/18/09 05:50 PM,294,40662.7,95.06,0.03,41888,0.49,0.14,-0.23,-0.32,-0.07,-1.08,-0.88,-1.57,-0.29,-0.23,-1.63,-1.65,-1.82,-1.08,-1.29,-1.35,-1.61
709606429cd1b0d5cefaf63cdeaaa86b,3.25,1.75,3.75,4.75,4.25,n,n,y,y,y,08/05/2009 16:12,457,100985,97.34,0.01,102634,0.49,0.06,1.46,0.14,0.99,-0.25,0.39,-0.4,-0.29,-0.23,-0.31,0.05,-0.44,-0.45,-0.15,-0.84,-0.54
711d198ce5dcc873c3b1fd1468e84d2f,2.35,2.15,4.25,3.9,3.65,n,n,y,y,n,10/22/09 03:15 AM,213,20225.1,90.43,0.07,21100,0.47,0.44,-0.55,-0.09,-1.01,-0.08,-0.29,-0.13,-0.29,-0.23,-0.85,-0.65,-0.82,-0.13,-0.61,-0.58,-0.11
715c9eb832dc833a0b6409ddccd268b1,3.45,1.5,2.4,4.55,4.7,n,n,n,y,y,08/24/09 08:14 PM,831,338383,98.36,0.01,341154,0.5,0.07,-0.55,0.18,0.3,1.16,0.1,1.94,0.74,-0.23,1.44,1.39,0.95,1.86,1.51,1.54,1.96
72265a88c1d9956ea6c7b49aa6e54220,4.15,2.25,4.3,3.65,4.65,y,n,y,y,y,07/09/2009 18:18,714,249452,98.28,0.01,251861,0.5,0.05,0.31,0.67,0.3,-0.25,-0.88,-1.12,-0.29,0.15,-0.92,-0.15,-0.82,-0.42,-0.0,-1.16,-0.86
7226dfa2f0bde9e94bac3c83a3b1ab7a,3.4,1.55,3.35,4.25,3.75,n,n,n,y,n,09/03/2009 00:39,274,36363.3,97.94,0.02,36794,0.5,0.04,0.08,-2.82,-1.17,-1.08,-0.88,-1.57,-0.29,-0.23,-0.55,-0.82,-0.66,-1.08,0.14,-1.35,-1.27
740aa055e9dccaee874ab7ec7e499d8e,1.7,4.7,1.95,4.05,3.6,n,y,n,y,n,07/31/09 03:47 AM,197,15938.2,83.4,0.07,17908,0.47,0.36,-0.18,-0.92,0.42,1.68,-0.88,-0.82,-0.29,-0.23,1.06,0.85,-0.43,2.1,5.89,0.24,1.87
751e53fc64b770f7b5ea2b0964678599,1.5,3.8,4.15,3.05,3.95,n,y,y,n,y,08/03/2009 01:51,223,21241,86.59,0.06,23383,0.48,0.31,-0.26,1.09,-0.48,-0.63,0.3,-0.97,-0.29,0.15,-0.59,-0.02,-0.33,-0.8,-0.35,-1.16,-0.65
770b44cbe67c3e68372f529acd82a3ab,1.6,3.05,3,2.9,3.45,n,y,n,n,n,06/23/09 11:52 PM,159,10831.2,87.33,0.04,12050,0.49,0.1,-0.61,-0.09,-0.35,0.91,1.47,0.58,1.08,-0.23,0.7,1.49,0.5,0.89,0.43,0.43,0.86
785d03537a119e9decd7de253c74c306,3.65,1.63,2.75,4.45,3.4,y,n,n,y,n,09/21/09 01:39 PM,322,49274,95.94,0.02,50466,0.49,0.12,0.71,1.01,2.01,-1.08,0.35,-0.07,-0.29,-0.23,-0.28,-1.23,-0.66,-0.69,-1.29,1.83,-0.05
789ce9b31990354f0a5a507347844dea,2.8,3.85,3.25,3.1,4.2,n,y,n,n,y,10/27/09 11:14 PM,436,90799.3,96.19,0.02,92952,0.49,0.11,1.46,-0.62,0.26,-1.08,-0.88,-1.57,-0.29,-0.23,-1.63,-1.65,-0.66,-1.08,-1.29,-1.35,-1.61
7938e0ab2768b67f6375eabcfefff5e1,2.5,3.5,3.75,3,4.5,n,y,y,n,y,08/21/09 08:13 PM,381,68247.6,94.78,0.03,70505,0.49,0.16,0.8,-0.7,0.91,-0.77,0.2,0.4,-0.29,-0.23,-0.92,-0.37,-0.9,-0.73,-0.5,-0.3,-0.85
7b061056ba902bf5a3f0f123fb181ad3,3.7,2.25,3.3,3.7,4.05,y,n,n,y,y,06/24/09 08:08 AM,1264,780799,97.97,0.01,792237,0.5,0.06,0.65,0.03,0.46,0.17,-0.59,-0.46,-0.29,-0.23,-0.43,-0.62,-0.48,-0.91,-0.89,0.21,-0.87
7d41c244db4ee816029991d903cc7ce1,2.25,2.75,3.25,3.5,4.5,n,n,n,y,y,08/05/2009 01:10,361,60937.4,94.3,0.03,63195,0.49,0.22,0.42,-0.09,-0.11,-0.19,-0.1,-0.73,-0.29,-0.23,-0.42,-0.45,-0.37,-0.7,-1.06,-1.09,-1.06
7e0954e34b5af347696eb260230bccda,2.9,2.45,3.85,3.1,3.9,n,n,y,n,y,07/11/2009 09:28,414,84404.8,99.21,0.01,84584,0.5,0.04,-1.27,-0.92,0.26,-1.08,-0.88,2.17,-0.29,-0.23,0.52,4.19,0.5,1.3,-1.29,1.83,1.87
7f3bfec0b7228d0900b01fbc8ce9d59f,2.25,3.5,3.25,2.75,2.25,n,y,n,n,n,08/06/2009 19:35,1098,593081,98.66,0.01,598066,0.5,0.04,-0.64,-0.24,-0.39,-0.44,-0.24,-0.13,-0.29,-0.23,-0.3,-0.63,-0.43,0.17,-0.39,-0.58,-0.27
80a570b74f23f56c94f639436ff92353,4.2,2.33,3.17,3,4.17,y,n,n,n,y,07/17/09 08:15 PM,907,404895,98.76,0.01,407823,0.5,0.04,-1.93,0.41,-0.03,-1.08,-0.88,-1.08,-0.29,-0.23,-1.27,-1.65,-1.21,-0.03,-1.29,-0.3,-1.16
810c70fdd8c82cb4e0afc1e8cc62759a,3.6,1.5,3.45,2.9,4.35,y,n,n,n,y,06/16/09 07:25 PM,644,203058,98.38,0.01,204908,0.5,0.05,0.45,-0.81,0.58,-0.03,-0.1,-0.25,-0.29,-0.23,0.11,-0.42,-0.64,0.03,-0.2,-0.46,-0.19
82d3a5e0936ddbff93f6630365f80af5,3.3,2.8,3.35,4.25,3.5,n,y,n,y,n,07/13/09 06:20 AM,196,15523.1,82.07,0.06,17982,0.48,0.25,0.51,-0.09,0.26,-0.66,-0.49,-0.66,-0.29,-0.04,-0.41,-0.28,-0.72,-0.54,-0.5,-0.2,-0.54
83aeafc166238ebf5aaa2530e6205341,2.45,3.15,3.05,4.1,4.55,n,y,n,y,y,08/24/09 12:05 AM,130,7666.67,92.86,0.05,7938,0.48,0.22,0.71,0.63,0.83,-0.63,0.69,-0.19,-0.29,-0.23,-0.21,-0.25,-0.17,-0.89,-0.61,-0.2,-0.84
83b6e605652dbf6915856eea1ce419bd,2.5,2,3,4.25,2.5,n,n,n,y,n,09/27/09 01:48 AM,356,59578.9,94.82,0.03,61533,0.49,0.17,0.57,0.82,0.63,-0.74,-0.59,-0.58,-0.29,-0.23,-0.79,-0.55,-0.46,-0.61,-0.95,-0.77,-0.49
845bd196f34b0eef0246f94eb25ba8c3,2.63,4.75,2.25,3.63,4.25,n,y,n,y,y,07/06/2009 23:00,267,33049.5,93.77,0.03,34304,0.49,0.2,-0.78,-0.28,-0.27,0.25,1.77,0.4,-0.29,-0.23,0.57,0.85,0.6,0.06,0.43,-0.2,0.43
849cd35a3dfc7200b683b67d0167598f,2.35,3.05,3.4,1.45,2.85,n,y,n,n,n,09/02/2009 04:33,457,99059.2,95.49,0.03,101166,0.49,0.26,-0.67,-0.58,-0.07,0.25,2.21,1.21,0.74,0.53,1.57,0.85,1.17,1.73,0.43,1.51,1.43
85a78b7179d46b27e3f4f3a1468e2a1c,3.65,2,4.25,3.05,4.7,y,n,y,n,y,07/14/09 12:41 PM,41,762.5,97.76,0.07,765,0.49,0.06,0.57,-0.01,0.42,0.25,0.2,0.73,1.08,-0.1,0.54,0.48,0.53,0.92,0.89,0.75,0.67
8736d2c84c639dc57ef984602d8d96aa,3.6,1.84,3.15,3.25,3.7,y,n,n,n,n,06/14/09 07:25 PM,290,40289.5,96.81,0.02,41037,0.49,0.08,-0.67,0.1,-0.44,-0.08,-0.24,0.25,0.05,-0.16,0.17,-0.1,-0.06,-0.5,-0.38,-0.11,-0.23
8974aab97d9fc4e3a53ba126b5eedd81,3.2,2.9,3.25,2.7,4.05,n,y,n,n,y,01/09/2010 01:01,149,10140.3,93.22,0.04,10581,0.49,0.11,4.44,1.01,3.56,1.68,-0.88,1.42,-0.29,-0.23,-0.55,-1.65,0.03,0.51,0.14,-1.35,-0.92
8a302f01e209fc15fa8425f2d41f633a,2.7,2.1,3.85,3.65,4.7,n,n,y,y,y,06/18/09 01:50 AM,135,8479.96,95.16,0.04,8711,0.49,0.12,-0.01,-1.15,0.14,1.57,2.8,2.69,0.74,-0.23,1.37,1.85,1.85,1.25,0.9,0.37,1.41
8b77d971b63c574b499cf120fca34bfd,4.6,3.05,2.5,3.75,4.55,y,y,n,y,y,08/02/2009 19:24,1118,614830,98.64,0,622150,0.5,0.01,-0.41,-0.62,0.87,-0.25,-0.39,0.08,-0.29,-0.23,-0.77,-0.32,-0.62,0.03,-0.43,1.51,0.54
8bfbf6d9c91e07247d0ff83bbcacee68,4.5,2.25,3.75,2.25,4,y,n,y,n,y,06/23/09 01:20 AM,676,222411,97.77,0.01,225707,0.5,0.06,0.34,0.22,0.1,-0.19,-0.29,-0.16,-0.29,-0.1,-0.21,0.15,-0.21,-0.1,-0.06,-0.01,-0.11
8cc4acc3bb9b04d1c4a4b4d35ca514ee,3.4,2.85,3.8,3.2,3.65,n,y,y,n,n,09/18/09 04:55 PM,266,31169.8,89.11,0.03,34191,0.49,0.11,1.11,0.14,0.46,0.08,-0.19,0.11,-0.29,-0.23,-0.72,0.92,-0.33,0.03,-0.49,0.43,-0.84
8d7faa6d7f104a6cb7c4a9e1c6310a15,3.65,2.55,4.2,3.45,4.55,y,n,y,n,y,10/29/09 06:04 AM,112,5856.21,95.92,0.04,5968,0.49,0.09,0.08,-0.28,0.3,0.39,-0.44,0.58,0.4,-0.23,0.34,0.57,0.15,0.25,0.37,0.59,0.34
8de8bd927b7382cb4fa28b96d9c1d539,3.5,2.4,3.35,3.45,4.6,n,n,n,n,y,06/26/09 04:36 PM,562,146858,93.49,0.02,155268,0.49,0.06,-0.98,-0.39,-0.07,-0.08,0.1,-0.19,-0.29,6.45,0.11,0.55,2.03,-0.26,-0.12,-0.46,-0.22
8e228453cfa66cf26d56af6df77624b7,4.5,2.25,4.5,5,3.5,y,n,y,y,n,07/02/2009 06:20,606,177453,97.12,0.01,180788,0.49,0.07,-0.09,0.33,-0.52,0.0,0.88,-0.22,0.74,-0.23,0.34,0.25,0.95,-0.32,-0.48,0.37,-0.05
8f9d4ed5d16ed1a67d734196d29d1f6b,4.33,2,4.17,3.67,4.4,y,n,y,y,y,10/05/2009 05:05,145,9755.34,94.75,0.04,10042,0.49,0.14,-0.35,-0.39,-0.07,-0.61,-0.1,-0.42,0.4,-0.23,-0.4,-0.63,-0.42,-0.34,-0.49,-0.14,-0.56
906314c683222f7d232b5ea1ee82befc,2.75,3.5,3,3.25,4.5,n,y,n,n,y,06/24/09 06:21 AM,160,12180.8,96.97,0.03,12382,0.49,0.06,0.68,-0.51,0.58,0.52,1.47,1.54,0.4,-0.23,0.46,0.48,0.48,0.54,-0.03,-0.27,0.43
933791b8623dadbb82664c60db91fb7e,3.75,2.35,3.7,4,4.2,y,n,y,y,y,06/23/09 01:20 PM,332,51657.2,94.58,0.03,53320,0.49,0.2,0.05,0.22,0.34,-0.55,-0.39,-0.72,1.08,-0.23,-0.25,-0.4,-0.58,-0.88,-0.39,-0.46,-0.61
94c07315276329eaf9beb29b759d4442,3.25,2.1,3.3,2.65,4.45,n,n,n,n,y,12/02/2009 01:08,216,19345.4,84.09,0.06,21766,0.47,0.33,-0.46,-0.58,-0.11,0.25,0.3,-0.13,0.74,-0.23,0.5,-0.4,0.43,0.73,0.6,0.18,0.6
96487b200f227f3f845bb8851dad2139,2.4,4.75,3.2,2.6,3.75,n,y,n,n,n,09/09/2009 19:48,167,13037.8,95.2,0.04,13281,0.48,0.21,-1.64,0.41,-1.29,0.03,-0.1,-0.01,-0.29,-0.23,-0.42,-0.58,-0.34,-0.45,-0.15,-0.08,0.06
969c2ff79da16a5ac43dda095e6d653e,3,2.75,3.75,5,2.25,n,n,y,y,n,06/19/09 08:41 PM,459,102508,97.95,0.01,103590,0.49,0.08,0.71,0.18,1.03,-0.3,0.1,-0.13,1.08,-0.23,0.22,-0.25,0.24,-0.45,-0.43,-0.2,-0.17
970197105b41eac939d4fc3cec25137b,4,1.95,4.25,3.55,3.45,y,n,y,y,n,06/18/09 08:49 PM,959,441049,96.21,0.01,453251,0.49,0.1,1.34,0.71,0.34,-0.66,-0.44,-1.12,-0.29,-0.23,-0.76,-1.1,-0.96,-0.94,-1.08,-0.58,-1.01
9a8cf1dcb2de1a8f70c4745a636bbb96,3.75,3.25,4.5,5,4,y,y,y,y,y,08/02/2009 19:41,251,30061.5,96.58,0.02,30616,0.49,0.11,0.02,-0.66,0.34,-0.61,-0.24,-0.63,-0.29,-0.16,-0.74,-0.83,-0.95,-0.4,-0.84,-0.43,-0.7
9b73d5a07c079cce614932e39e2f1852,2.65,2.8,3.35,3.45,4.35,n,y,n,n,y,08/31/09 05:03 AM,446,95134.1,96.3,0.02,97416,0.49,0.1,0.08,-0.05,0.18,0.39,0.35,0.18,0.05,0.34,0.23,0.15,0.11,0.4,0.3,-0.14,0.37
9e7ebc8082b0e7e92e7aedd3ba562d84,4.05,1.75,4.3,4.05,3.75,y,n,y,y,n,09/28/09 05:36 AM,1226,729549,97.31,0,749015,0.5,0,-0.52,-0.58,-0.03,-0.41,-0.29,-1.21,-0.29,-0.23,-0.08,-0.25,-0.93,-0.51,-0.26,-0.58,-0.45
9f320ade181aa12bf10361871afa8d90,1.8,3,2.45,3.75,2.85,n,y,n,y,n,07/02/2009 08:13,198,17832.2,92.37,0.05,18495,0.48,0.29,-0.41,-0.24,-0.11,0.0,0.1,0.99,-0.29,-0.16,0.16,0.37,0.14,-0.46,-0.23,0.05,0.06
a1a428d8cf752b3f0527c106b741a9ad,4.75,1.5,4.5,3.25,3.5,y,n,y,n,n,08/12/2009 04:59,477,111206,98.37,0.01,112134,0.5,0.06,-0.92,-0.7,-0.84,-0.41,-0.88,-0.85,-0.29,-0.23,-0.77,-0.72,-0.86,-0.83,-0.49,-1.35,-0.61
a1c187cbf8532b649cc3b36c01a3ca20,3.2,1.85,3.85,3.15,4.25,n,n,y,n,y,07/24/09 08:25 AM,565,156458,98.55,0.01,157750,0.5,0.03,0.2,-0.32,0.5,1.57,0.44,1.61,-0.29,0.34,1.11,2.35,1.35,1.06,1.55,0.84,1.77
a286b7286b1247d4a7851709e9f31e1e,4.25,3,3.25,3.5,4,y,y,n,y,y,02/08/2010 18:28,539,138337,95.77,0.02,142460,0.49,0.13,0.02,-1.23,0.71,4.44,4.02,1.42,-0.29,-0.23,0.52,1.69,2.82,2.1,4.45,-1.35,3.26
a28eb911aad029162befe9e541d9fb86,3.7,1.75,4,3.75,4.5,y,n,y,y,y,08/15/09 04:35 PM,187,16580.2,96.37,0.03,16845,0.49,0.12,0.17,-0.01,0.1,0.86,-0.1,1.36,-0.29,-0.23,0.61,0.72,0.14,0.54,0.63,0.75,1.02
a40e2ef8193f5273a04cc7bbaae0789c,4,2.5,4.5,3.75,5,y,n,y,y,y,07/26/09 06:01 PM,302,43566.4,96.49,0.02,44428,0.49,0.1,0.31,-0.16,0.5,-0.69,-0.68,-0.67,-0.29,-0.23,-0.55,-0.72,-0.82,-0.61,-0.61,-0.52,-0.64
a4fb2531183a186f2b5362ab89d885a2,2,2.65,3.95,2.8,2.65,n,n,y,n,n,06/15/09 01:49 PM,628,193156,98.42,0.01,194779,0.5,0.05,-0.67,-0.7,-0.27,-0.85,-0.29,-0.4,-0.29,-0.23,-0.21,-0.52,0.42,-0.67,-0.35,-0.27,-0.25
a6336ec5e11839ae33aee01fa2163652,1.35,4.75,2.85,4.55,4.4,n,y,n,y,y,07/06/2009 14:45,99,4201.5,88.4,0.03,4687,0.49,0.04,-0.23,-0.47,-0.31,-0.77,0.2,-0.94,-0.29,-0.23,-0.87,-1.1,-0.99,-0.78,-0.68,-0.71,-1.0
a63a43d8a197935264abe0d57d930712,3.1,2,3.25,3.9,4.6,n,n,n,y,y,06/25/09 05:08 PM,758,282821,98.84,0.01,284597,0.5,0.05,1.06,0.22,0.75,-0.66,-0.29,-0.63,-0.29,-0.23,-0.66,-0.45,-0.64,-0.56,-0.48,-0.68,-0.8
a755cc2250ae57df9f1f4b5bf005e048,2.55,1.4,4.25,3.9,4.15,n,n,y,y,y,06/30/09 01:02 PM,436,90494.3,95.87,0.02,92933,0.49,0.1,0.02,0.86,-0.68,-1.08,-0.29,-0.85,-0.29,-0.23,-0.92,-1.15,-0.74,-1.08,-1.12,-1.16,-1.24
a7637e86876374b952f4d10d0513c350,4,2.17,4.83,3.17,5,y,n,y,n,y,06/14/09 10:01 PM,464,103794,97.05,0.02,105666,0.49,0.08,-0.18,-0.01,0.3,0.3,-0.19,-0.28,0.4,-0.23,-0.08,0.08,-0.16,-0.03,0.26,-0.14,-0.06
a764ca41dca158d7a191505dcc8ce47f,3.7,2.5,4.2,4.1,3.6,y,n,y,y,n,01/11/2010 04:19,451,98153.1,97.16,0.02,99733,0.49,0.12,-0.67,3.33,-1.66,-1.08,-0.88,-1.57,-0.29,-0.23,-1.63,-1.65,-1.36,-1.08,-1.29,-1.35,-1.61
a7d9818f6165cd5c84b8578185ccd616,2.15,1.6,4.6,4.2,4.05,n,n,y,y,y,07/23/09 09:24 AM,127,7633,96.93,0.03,7743,0.49,0.08,-1.21,-1.15,0.01,-1.08,-0.88,-0.09,-0.29,-0.23,-0.92,0.0,-0.9,-1.08,-0.35,-0.3,-0.24
a8295e7c5a427770f9777a825e6daf35,3,1.85,4.1,3.7,3.95,n,n,y,y,y,08/22/09 02:35 PM,77,2816.33,98.82,0.03,2824,0.5,0.03,0.54,-0.24,0.34,2.65,2.06,2.84,6.59,-0.23,2.24,1.27,2.51,1.62,0.21,0.56,1.94
ab10a89d4fa299fe348a3ee1d183b3ee,4.38,2.38,4,3.25,2.63,y,n,y,n,n,09/21/09 07:28 AM,622,184474,95.83,0.02,189353,0.49,0.21,-1.1,-0.13,-0.64,1.68,4.02,4.03,-0.29,-0.23,4.28,2.52,2.58,5.68,3.37,3.41,3.61
ab38affacd75668b8eaf1df27e8b5be8,3.4,3.85,4.5,2.95,3.75,n,y,y,n,n,08/19/09 11:55 AM,238,27449.6,98.15,0.01,27822,0.5,0.04,-0.26,1.09,-1.09,-0.85,-0.49,-1.21,-0.29,-0.23,-0.59,-0.85,-0.78,-0.57,-0.49,-0.84,-0.56
ac8bf16a381d07c01b11651994ecb746,2.7,3.65,3.4,3.1,4.42,n,y,n,n,y,06/18/09 10:02 PM,177,14210.2,92.27,0.05,14795,0.48,0.27,-0.03,-2.59,0.46,4.44,-0.88,1.42,-0.29,-0.23,3.75,1.69,4.67,3.69,4.45,-1.35,2.56
acfd53e1393633ae24f8c946d79a17d4,4.45,2.5,3.05,3.65,3.9,y,n,n,y,y,07/19/09 06:08 PM,315,48289.7,98.27,0.02,48683,0.5,0.06,0.77,0.33,0.38,0.69,-0.1,0.61,0.05,-0.23,0.59,0.92,0.29,0.4,0.64,0.72,0.92
ad30ce6078fd6ea54abca85610fba76f,2.45,3.25,2.5,3.3,4.2,n,y,n,n,y,07/10/2009 02:41,1560,1200910,98.88,0,1213740,0.5,0,0.11,0.1,1.2,-0.69,-0.88,-1.05,-0.29,-0.23,-0.95,-1.18,-0.95,-0.86,-0.49,-0.01,-0.88
aec40862b2a12be50b4d04347985b54d,4.5,4.25,3,3,4,y,y,n,n,y,06/26/09 01:45 PM,822,325950,96.83,0.01,333695,0.5,0.07,0.34,-0.62,-0.11,0.74,0.74,0.4,-0.29,-0.23,1.57,1.65,0.17,2.07,-0.35,-1.35,0.68
aff70c2dcbd47c664777eb8df02967de,3,2.5,3.75,4.25,4,n,n,y,y,y,06/17/09 02:34 AM,134,8649.25,98.53,0.02,8697,0.5,0.03,0.25,-0.47,0.3,1.24,-0.29,1.12,-0.29,-0.23,1.6,1.55,1.82,1.11,0.95,1.51,1.1
b05f34be807a91ce0325cda601bc5856,2.9,3.35,2.8,3,3.95,n,y,n,n,y,07/17/09 03:46 PM,24,225,88.93,0.13,241,0.48,0.12,-1.24,0.33,-2.07,-0.25,-0.88,-0.52,-0.29,-0.23,-1.09,-0.32,-0.52,-0.77,-0.29,-1.03,-0.57
b2be41464b53ffc6deae9536ddfd3aee,4.2,2.6,3.95,3.25,5,y,n,y,n,y,06/16/09 11:33 AM,332,51211.9,93.77,0.03,53309,0.49,0.16,0.02,0.22,0.01,1.05,0.54,1.06,0.05,-0.16,1.26,1.5,0.99,0.67,0.4,0.27,0.92
b4a21c82de4011033c8ac67081ff939c,4.55,2.2,3.3,3.9,3.65,y,n,n,y,n,06/24/09 11:25 PM,254,30611.8,96.03,0.02,31359,0.49,0.09,-0.06,-0.47,0.18,1.43,0.93,2.63,0.74,-0.23,2.41,2.3,2.16,2.73,1.72,2.37,3.11
b4de950df13c0765018013237c6a1b3d,4.25,1.75,5,4.25,3.5,y,n,y,y,n,12/08/2009 01:27,955,441841,97.2,0.01,450439,0.5,0.08,-0.84,-0.73,0.46,-0.14,-0.05,-1.06,-0.29,-0.23,0.02,0.05,0.31,0.81,0.9,0.81,-0.08
b576dc0449e75306c30456902ce0c80b,3.84,2.6,3.75,4,4.15,y,n,y,y,y,06/27/09 07:27 PM,254,29724.9,93.25,0.04,30978,0.49,0.18,-0.01,-0.66,0.14,0.08,0.49,-0.46,-0.29,0.03,-0.27,-0.28,0.69,0.09,-0.52,0.05,-0.47
b7b7764cfa1c523e4e93ab2a79a946c4,2.65,3,3.15,3.25,4.4,n,y,n,n,y,06/19/09 03:21 PM,180,14861.6,93.29,0.03,15661,0.49,0.1,0.08,-0.24,0.38,0.06,0.25,0.08,-0.29,-0.23,0.11,0.05,-0.03,0.03,0.46,0.43,0.19
b8295738a9b021d82860887c3be41164,4,3.25,3.5,4.25,5,y,y,n,y,y,06/18/09 10:43 PM,899,396675,98.49,0.01,400536,0.5,0.03,-0.52,-0.2,0.1,0.17,-0.34,0.13,0.4,0.47,0.16,0.05,0.39,0.19,-0.3,-0.33,0.12
b84d2613c4cf4e73f9c230f57facf66c,3.5,3.25,3.25,3,3.75,n,y,n,n,n,07/28/09 06:46 PM,243,27562,94.52,0.03,28498,0.49,0.15,0.2,0.33,0.01,0.63,0.88,0.85,-0.29,-0.23,0.52,0.02,0.35,0.73,0.43,0.3,0.52
b98b995372448f015357638c8eb6add1,3.25,1.95,3.8,4.25,4.3,n,n,y,y,y,07/04/2009 05:04,486,115531,98.43,0.01,116816,0.5,0.03,-0.15,-0.09,-0.03,-0.63,-0.19,-0.04,-0.29,0.15,-0.29,-0.15,-0.36,-0.35,0.4,-0.39,-0.04
b9a3df4af9a274fb33ce377fbdce9c16,4.6,1.6,4.3,4.7,4.5,y,n,y,y,y,08/07/2009 18:11,1071,565761,98.92,0.01,569584,0.5,0.03,0.34,-0.51,-0.23,-0.39,-0.88,-1.19,-0.29,-0.23,-0.55,-1.65,-0.89,-1.08,-1.29,0.24,-0.57
b9a44bb356832160caccc9eb3614e0ce,3.65,3.15,3.45,2.35,4.5,y,y,n,n,y,07/16/09 02:19 PM,475,108866,97.11,0.02,110588,0.49,0.13,-0.35,-0.39,0.05,0.03,-0.29,0.19,-0.29,0.28,0.07,-0.32,-0.31,0.28,-0.0,0.05,0.01
ba1463b4d7bcf9c3167df26e0eb1dc57,3.5,2.55,4.75,2.9,4.7,n,n,y,n,y,11/19/09 03:21 AM,61,1761,99.49,0.04,1761,0.5,0.02,-0.01,0.71,-0.03,5.13,-0.88,2.17,-0.29,-0.23,3.48,2.1,4.79,2.5,1.22,4.21,4.3
baa58f6b30d937855af7bd7c22f0756b,3.4,2.85,4.45,3.21,3.95,n,y,y,n,y,08/25/09 01:35 AM,374,64849.8,93.47,0.03,67740,0.49,0.19,0.17,1.47,-1.7,-1.08,-0.88,-0.82,-0.29,-0.23,-1.36,-1.23,-0.31,-0.69,-0.58,-1.35,-0.92
bbe1ab61508fad201213fbe8090c5a75,4.5,2.75,3.25,2.75,3.75,y,n,n,n,n,06/23/09 08:39 AM,369,65119.5,96.43,0.02,66518,0.49,0.09,-0.21,-0.16,-0.11,-0.66,0.35,-0.97,-0.29,-0.23,-0.6,-0.82,-0.89,-0.45,-1.01,-0.55,-0.71
beeb68b947eaec4a55a9d8d20a7c5b52,4.05,1.35,3.85,3.5,4.8,y,n,y,y,y,07/02/2009 18:01,46,967.5,97.73,0.06,976,0.49,0.04,0.28,0.63,-0.48,-0.52,0.88,-0.61,-0.29,-0.23,-0.55,0.08,-0.23,-0.89,-0.38,-0.84,-0.86
bf749347531c855f7bed0bd259b81557,3.25,3.13,4.25,5,3.63,n,y,y,y,n,07/02/2009 17:37,335,54004.8,97.11,0.02,54838,0.49,0.09,0.22,-0.81,0.18,-0.36,0.0,0.46,0.4,0.15,0.09,-0.25,0.02,0.09,-0.43,-0.46,-0.07
c19a4fb5e846fb6575b0a8f3a2081ea0,3.25,3.75,1.75,4,3.5,n,y,n,y,n,08/05/2009 17:27,671,216520,96.61,0.02,220974,0.49,0.17,-0.58,0.48,-0.6,-0.94,-0.49,-1.37,-0.29,0.21,-1.07,-1.15,-1.19,-0.96,-0.96,-1.0,-1.32
c255a1cb2939ce6b4719a8a0cc085624,4.75,3,2.75,4.5,4.75,y,y,n,y,y,01/08/2010 01:50,447,95181.3,95.92,0.02,97635,0.49,0.13,-1.44,-2.14,-0.52,-1.08,-0.88,-1.57,-0.29,-0.23,-1.63,0.02,-1.82,-1.08,-1.29,-1.35,-1.61
c3f4b3e345cb6b032db2e0459d179db3,2.45,4,3.8,2.8,4.25,n,y,y,n,y,09/22/09 02:15 AM,285,39451.6,98.17,0.02,39856,0.5,0.04,-0.72,-0.01,-0.6,0.36,0.05,0.42,-0.29,0.03,0.09,0.38,0.51,-0.19,0.5,0.15,0.54
c5898ecc4c7407e6f07cc3485073d3a6,3.3,1.5,4.2,3.15,4.6,n,n,y,n,y,11/06/2009 20:19,253,26645.7,84.25,0.07,29632,0.47,0.39,-0.72,0.29,-0.27,-0.19,1.47,0.58,-0.29,-0.23,0.87,0.75,0.92,-0.38,-0.03,-0.08,0.2
c597771fab7477c2ae7b507d532130b0,2.35,2.1,4.15,3.75,4.8,n,n,y,y,y,06/23/09 07:19 PM,115,5992.5,93.04,0.03,6390,0.5,0.02,-0.55,0.6,-0.35,-0.36,-0.19,-0.25,0.4,0.03,-0.04,0.02,-0.22,0.22,-0.35,-0.39,-0.4
c59d2b7cca46cd85c4ac6d6ab554f170,4.95,1.65,3.4,3.75,4.55,y,n,n,y,y,09/15/09 09:49 PM,378,67968.2,95.9,0.02,69841,0.49,0.09,0.25,0.33,0.67,-0.3,-0.19,0.52,-0.29,-0.23,0.18,-0.6,-0.36,0.81,-0.19,0.43,0.19
c5d9ffcb242053b0abdebe0d684fea3a,2.5,2.45,3.17,3.75,3.25,n,n,n,y,n,11/13/09 01:30 PM,159,10399.2,83.84,0.08,11611,0.47,0.43,-0.03,0.1,0.67,0.66,1.47,-0.69,-0.29,-0.23,-0.47,-0.7,-0.41,-0.7,0.34,0.65,-0.5
c6a9a43058c8cc8398ca6e97324c0fae,2.75,3.65,3.85,3.1,3.8,n,y,y,n,y,06/21/09 11:49 PM,270,35195.6,97.64,0.02,35659,0.49,0.06,-0.46,0.14,-0.44,0.0,0.15,0.4,-0.29,-0.23,0.24,0.55,0.7,-0.56,-0.05,-0.01,-0.05
c6ee79de33e47a3799c1d00e5f727b9e,3.65,2.7,3.1,3.25,2.7,y,n,n,n,n,07/05/2009 22:28,138,8926.11,95.81,0.04,9061,0.49,0.17,-0.41,-0.09,-0.39,1.41,0.3,1.52,-0.29,-0.23,1.4,2.3,1.0,1.78,1.08,1.41,1.5
c723c2f329649b2af235fdefd1ca293c,2.75,2.5,3.5,3.75,3.5,n,n,n,y,n,07/29/09 04:53 AM,440,94264.3,98.05,0.01,95323,0.5,0.05,0.63,-0.24,-0.76,-1.08,-0.88,-0.09,-0.29,-0.23,-0.92,-1.65,-0.6,-0.56,-0.35,-1.35,-0.7
c85845b82e705a32f674757d8912df23,2.25,2.75,4.5,4.25,2.5,n,n,y,y,n,06/17/09 07:14 PM,300,43159,96.88,0.02,43968,0.49,0.07,0.17,-0.24,0.5,0.69,0.49,1.57,0.4,-0.16,1.48,1.07,0.74,0.71,0.87,1.07,0.99
c87247ddb57f8d8ff43086ac88e69120,4.75,2.67,4.75,3.67,4.5,y,n,y,y,y,07/18/09 01:58 AM,1091,584445,98.47,0.01,590203,0.5,0.05,1.03,0.6,0.79,0.08,0.59,-0.04,-0.29,-0.23,0.37,0.65,0.13,-0.32,0.34,-0.2,-0.4
c8a62ce2aa837024b698e3eb72aa3c42,3.5,2.3,3.95,4.8,4.55,n,n,y,y,y,06/28/09 11:20 PM,306,44142.5,95.22,0.03,45388,0.49,0.16,0.37,-0.54,0.38,0.36,-0.29,0.4,-0.29,0.03,0.74,0.62,0.68,0.38,0.2,1.07,1.03
cce9e48f159ae910f38fb00810be2a68,1.75,3.75,2.5,1.5,3.5,n,y,n,n,n,06/15/09 05:24 PM,177,14043.1,91.19,0.06,14643,0.48,0.36,-0.84,0.06,-0.64,0.17,0.15,0.0,-0.29,-0.23,0.37,0.6,0.29,-0.08,0.34,0.18,0.56
cd99c28741e42fd9792616d3a4328f17,4.75,2.75,3,3.25,2.75,y,n,n,n,n,06/19/09 04:18 AM,699,236036,97.03,0.01,240885,0.5,0.09,-0.09,0.33,-0.11,-0.47,-0.54,-0.49,-0.29,-0.04,-0.58,-0.32,-0.47,-0.56,-0.33,-0.36,-0.4
cde9ad52e50a6a9740dcb3461deb8a0b,4,2.75,3.67,4.25,4.5,y,n,y,y,y,08/09/2009 13:39,559,152219,97.95,0.01,153896,0.5,0.08,0.37,-0.47,0.38,0.72,-0.14,1.35,-0.29,1.03,0.95,-0.48,0.68,0.75,0.07,-0.24,0.68
ce1a957dabf068478d322a56c0dfaf41,3.75,2,4.5,4,3.75,y,n,y,y,n,06/18/09 07:20 AM,1350,895790,98.52,0.01,904309,0.5,0.05,0.42,-0.54,0.26,-0.69,-0.1,-0.91,-0.29,-0.23,-0.7,-0.98,-0.75,-0.92,-0.84,-0.58,-1.11
ce9e978af8369a85f4fc15137013015b,3.3,1.9,3.65,3.5,4.05,n,n,y,y,y,06/21/09 08:42 PM,381,70739.6,98.24,0.01,71416,0.5,0.04,-0.64,0.71,-0.56,-0.41,-0.29,-0.76,-0.29,0.15,-0.79,-0.65,-0.65,-0.7,-0.35,-0.58,-1.16
cef8086fc8220dde9874948728787a2c,3.4,2.2,3.75,3.25,3.47,n,n,y,n,n,06/20/09 01:16 AM,497,116529,94.92,0.02,120779,0.49,0.13,1.0,-1.45,0.22,-1.08,-0.88,-0.58,-0.29,-0.23,-0.56,-1.1,-0.75,-0.56,0.13,-0.3,-0.24
cf5a3f66c42918587a1428a6f7d7eec9,2.6,3.9,4.2,2.05,4.7,n,y,y,n,y,06/28/09 04:47 PM,126,7710.5,99.49,0.02,7729,0.5,0.01,-0.67,-0.35,-0.11,1.02,0.69,0.94,-0.29,0.78,1.51,0.62,0.42,1.53,2.04,0.94,2.09
d177a27cdcf11df2e6e09de9620e9c5e,3.05,2.2,3.95,2.95,4,n,n,y,n,y,08/18/09 01:15 AM,367,46193.6,69.16,0.06,62940,0.47,0.33,0.31,-0.24,0.5,-0.39,-0.88,-0.45,-0.29,-0.23,-0.55,-0.4,-0.31,-0.29,-0.58,-0.55,-0.92
d298a6d98000dc07bbb7994f71d867d3,4.3,1.45,4.4,2.4,4.6,y,n,y,n,y,07/22/09 02:42 PM,494,117689,97.04,0.01,119963,0.49,0.08,0.2,-0.28,0.58,0.36,0.2,0.55,-0.29,-0.23,0.14,-0.02,-0.28,0.51,0.31,0.81,0.56
d2ee2871aa02698e66fdc72b2218cdd8,2.75,3.25,2.5,4,4.65,n,y,n,y,y,01/11/2010 21:39,161,11667.8,91.73,0.05,12225,0.48,0.26,0.54,-0.13,0.18,-0.5,-0.54,0.0,-0.29,-0.23,0.03,0.1,-0.36,0.36,2.22,-0.24,0.38
d3582916ef22700cebb70f5cdedc1da9,3.7,2.2,2.95,3.45,4.4,y,n,n,n,y,06/20/09 02:11 AM,385,62433.4,84.9,0.02,72697,0.49,0.04,0.34,-0.43,0.42,1.35,1.86,1.3,2.46,-0.23,1.21,0.48,0.33,2.61,1.58,1.19,0.61
d38a81dfbfbbd5f2a2a0a03e9db304c6,1.85,3.55,3.45,3.4,3.45,n,y,n,n,n,12/23/09 10:06 PM,542,138053,94.51,0.01,145576,0.5,0.01,-2.59,3.25,-2.48,-1.08,-0.88,-1.57,-0.29,-0.23,-0.56,0.55,-0.44,-1.08,-0.82,-1.35,-1.39
d39c2b0fb2e50e37795fdbe3b8cd3792,3.75,2,5,4.25,4.5,y,n,y,y,y,06/25/09 02:42 AM,775,290973,97.27,0.01,296174,0.5,0.08,0.54,0.18,0.46,0.11,0.2,-0.1,0.05,-0.23,-0.11,0.2,-0.05,-0.21,-0.03,0.46,0.13
d453b26dfd348fdb99e909df7d8bec39,4.35,2.5,4.2,3.3,3.61,y,n,y,n,n,08/20/09 06:53 PM,40,732.5,98.85,0.06,734,0.5,0.03,0.57,-0.77,0.3,0.66,-0.19,0.31,-0.29,-0.23,0.78,-0.72,0.35,1.14,1.32,0.43,1.11
d67916bbf6453cfebbd8689f7556e526,3.4,2.45,3.95,3.85,4.45,n,n,y,y,y,08/21/09 02:20 AM,278,27967.7,73.16,0.04,36786,0.48,0.21,0.2,2.0,1.03,-0.33,0.44,-0.63,-0.29,0.91,-0.95,0.0,0.97,-0.22,0.26,-0.77,-0.11
d7e500ad854a1b6ced39e53a525b8a6d,3.25,4.25,2.75,2,3.75,n,y,n,n,n,07/09/2009 19:16,169,12774.1,91.06,0.05,13457,0.48,0.28,-0.58,0.1,-0.23,2.87,0.93,4.03,0.05,-0.23,4.61,5.58,4.38,3.53,4.7,2.4,4.27
d7f1da35557607089ee2e3a707ce4a4a,4.5,2.75,2.5,3.5,4.25,y,n,n,y,y,09/12/2009 23:13,535,133010,93.46,0.02,139855,0.49,0.15,-0.84,0.52,-0.56,-0.74,-0.59,-0.94,-0.29,-0.23,-0.79,-0.5,-0.79,-0.37,-0.48,-0.96,-0.61
d8b283c6d460cdc5cb95d65e1c0a71d4,2.65,2.75,4.65,3.1,3.7,n,n,y,n,n,06/22/09 11:04 AM,245,28355.6,95.65,0.03,29130,0.49,0.08,0.68,-0.28,0.91,-0.25,-0.73,0.0,-0.29,-0.23,-0.5,-0.1,-0.67,-0.27,-0.48,0.08,-0.19
da22dab36bb12fcf9ed1a437de278a2c,3.25,2.25,4.75,4.25,4.25,n,n,y,y,y,08/28/09 07:19 AM,277,36015.4,94.9,0.03,36920,0.49,0.21,-1.87,2.8,-3.01,-1.08,-0.88,-1.57,-0.29,-0.23,-0.55,-1.65,-1.13,-1.08,0.14,-1.35,0.13
da56abb46f342d8e4b4bc96165cd645d,3.4,1.68,4.53,3.5,4.8,n,n,y,y,y,06/17/09 06:58 PM,1225,743530,99.34,0,746216,0.5,0.02,0.94,0.56,0.63,-0.08,0.3,-0.49,-0.29,-0.23,-0.47,-0.52,-0.66,-0.86,-0.81,-0.52,-0.9
da8787edc39ba38d6bc9f0d10e28aa0f,3.17,1.5,4.83,2.5,4.33,n,n,y,n,y,11/11/2009 04:33,343,56515.9,96.92,0.02,57442,0.49,0.1,-0.95,1.13,-1.66,-1.08,-0.88,-0.09,-0.29,-0.23,-1.27,-0.55,-0.9,-0.03,-0.82,-1.35,-0.7
db39f7b2aad360b1033ec1f8fcd57f9c,4.65,3.2,3.05,3.65,4.75,y,y,n,y,y,07/15/09 10:59 PM,102,4359.8,86.33,0.09,4668,0.46,0.36,1.37,-0.73,0.54,-0.52,-0.88,-0.52,-0.29,-0.23,-0.87,-0.98,-0.8,-0.61,-0.72,-0.71,-1.06
dba59aed04c6759a955a37f021e45bb7,1.75,3.25,2.4,3.05,3.05,n,y,n,n,n,07/18/09 05:11 AM,91,3763.98,93.98,0.05,3899,0.49,0.09,-0.35,-0.43,-0.11,-0.33,0.15,-0.45,-0.29,-0.23,-0.5,0.2,-0.39,-0.42,-0.39,0.65,-0.3
dba5f5266d03dd6d4db084ad7dbc683c,1.55,2.45,3.5,3.4,4.5,n,n,n,n,y,06/14/09 11:26 AM,265,33752.4,97.22,0.02,34425,0.5,0.03,-0.92,-0.13,-0.52,-0.19,-0.19,-0.64,-0.29,1.85,-0.48,0.13,0.32,-0.48,-0.4,-0.08,-0.31
dbdfbfda2a4205bd59b22758ceddd5af,3.75,2.05,3.55,3.95,3.8,y,n,y,y,y,06/21/09 11:56 PM,376,68180.7,97.23,0.02,69300,0.49,0.08,-0.64,-0.16,-0.56,0.0,0.1,0.15,0.05,0.03,0.05,0.42,0.04,-0.21,-0.33,0.65,0.02
ddaed24e83f0f9958336b52cf7a89373,4.25,2.5,3.25,4.25,4.5,y,n,n,y,y,12/31/09 10:42 PM,321,48543.8,95.11,0.03,49782,0.49,0.22,-0.01,5.38,-2.48,-1.08,-0.88,-0.82,-0.29,-0.23,-0.55,-1.65,-1.13,-0.29,-1.29,-1.35,-1.27
deb899e426c1a5c66c24eeb0d7df6257,2.15,2.15,4.1,2.9,4.6,n,n,y,n,y,01/21/10 10:04 PM,36,185.71,31.21,0.4,377,0.32,0.63,5.24,1.62,0.46,0.3,-0.88,-1.57,-0.29,-0.23,-1.09,-0.82,-1.13,-0.29,-0.58,-1.35,-1.27
e0576e496b3bc5bd1046315ddb72646a,3.35,2.35,2.85,3.2,3.7,n,n,n,n,n,07/29/09 04:30 AM,322,47166.9,91.84,0.02,50780,0.49,0.04,-0.18,-0.35,0.18,0.03,0.05,0.28,0.05,-0.1,0.1,0.3,-0.24,0.28,0.07,0.02,0.15
e0697da7478e23479ef6723021e52606,1.75,3.4,3.2,2.6,4.3,n,y,n,n,y,08/17/09 02:32 AM,99,4243.83,89.29,0.04,4660,0.49,0.06,-0.58,-0.54,-0.64,0.0,-0.29,-0.72,-0.29,-0.23,-0.82,-0.6,-1.06,-0.27,-0.43,0.46,-0.09
e2cc76f16ed40953e5c082ff5ef9a2e9,1.8,2.25,2.65,4.75,4.8,n,n,n,y,y,06/17/09 10:19 PM,171,12680.2,88.27,0.06,13671,0.48,0.28,-0.09,-0.09,0.01,0.03,0.1,0.37,-0.29,-0.23,0.25,-0.07,0.03,-0.29,-0.07,-0.08,-0.43
e465fadd8b30e8669f397e32e10f6cd0,4.5,2.25,3.5,3.25,3.75,y,n,n,n,n,07/10/2009 14:33,965,453685,97.74,0.01,460223,0.5,0.08,0.51,-0.13,0.46,1.41,0.54,1.0,-0.29,-0.23,1.39,1.55,1.34,0.97,1.45,2.02,1.55
e4a512374eee079d2b8acc2ce69990d5,5,2.75,4.5,3,4.25,y,n,y,n,y,06/15/09 02:57 AM,326,50112.9,95.18,0.02,51706,0.49,0.11,-0.46,0.1,-0.15,0.14,-0.14,-0.03,0.05,-0.16,0.02,-0.22,-0.15,0.28,-0.19,-0.08,0.28
e4a9de8d77c21c3f704fdb0055cdde43,2.95,3.15,3.9,4,3.9,n,y,y,y,y,06/15/09 11:54 PM,802,313912,97.98,0.01,318280,0.5,0.04,-0.46,-0.01,-0.27,0.58,-0.1,1.36,1.08,-0.23,1.0,0.69,1.2,0.13,1.18,1.19,0.53
e557fd2902b857797cb8cec471f201a5,2.95,1.5,3,3.4,4.3,n,n,n,n,y,06/27/09 03:51 AM,689,233003,98.59,0.01,235127,0.5,0.03,0.65,0.29,0.63,1.02,1.37,2.02,0.4,-0.1,2.35,1.79,1.6,0.89,1.69,1.45,1.18
e6cdef6f475cce3023c5b715f8c9f110,1.8,2.9,2.9,3,4.2,n,y,n,n,y,08/07/2009 04:14,89,3036.16,79.31,0.12,3452,0.45,0.43,-0.72,0.48,-0.39,-1.08,-0.88,-1.57,-0.29,-0.23,-1.63,-1.65,-1.82,-1.08,-1.29,-1.35,-1.61
e7b7f5af7d02ec06b3da2edf2053dfed,3.3,3.3,2.3,3.89,4.15,n,y,n,y,y,11/15/09 04:16 PM,714,245021,96.53,0.02,250442,0.49,0.16,-0.87,1.36,-0.31,-0.17,-0.88,-0.75,-0.29,-0.23,-0.8,-1.47,-0.55,-0.21,-0.82,-1.35,-0.39
e915a655a1bd63ef17cb61c7caa1e1f5,4.5,1.75,4.5,4.75,4.75,y,n,y,y,y,08/09/2009 22:59,962,446252,96.74,0.01,456202,0.49,0.11,0.8,-1.0,0.63,-0.41,-0.29,-0.13,-0.29,-0.23,0.18,-0.25,-0.43,-0.13,-0.09,1.32,0.39
ea28a927cb6663480ea33ca917c3c8ba,4.05,3.35,3.8,3.95,4.5,y,y,y,y,y,02/02/2010 20:08,83,2935.76,88.4,0.08,3120,0.47,0.26,-4.45,1.36,-2.64,-1.08,-0.88,-0.82,-0.29,-0.23,-1.09,-0.82,-1.36,-0.29,-1.29,-1.35,-0.22
ea890531d3e0547166efde52d843099e,4.75,4.25,3.75,3.5,5,y,y,y,y,y,01/06/2010 18:25,325,49975.1,95.51,0.03,51220,0.49,0.18,1.66,-2.44,0.87,-0.39,0.35,0.67,-0.29,-0.23,0.25,0.85,-0.2,1.3,1.22,-0.55,0.65
eac7f51d95da0fefde6ecc692dcf85cc,2.2,3.25,4.15,2.6,4.4,n,y,y,n,y,12/17/09 02:46 PM,94,3706.68,86.65,0.09,3973,0.46,0.39,0.02,-0.62,-0.11,1.68,-0.88,0.67,-0.29,-0.23,1.06,0.02,1.42,1.3,-0.58,1.03,1.0
eaf7165a60baa108b9db9508eb4d3cc8,3,1.75,4,4.25,3.25,n,n,y,y,n,07/21/09 05:13 PM,512,127388,97.76,0.01,129045,0.5,0.08,1.8,1.96,-1.74,-1.08,-0.88,-1.57,-0.29,2.92,-1.09,0.02,1.19,-1.08,-1.29,0.24,-0.57
eb3eeec6966504b2c01b77f986f24523,2.6,3.6,2.85,2.9,3.55,n,y,n,n,n,10/01/2009 17:16,294,39642.4,92.67,0.04,41550,0.49,0.21,-0.29,0.14,0.71,-0.25,-0.88,0.52,-0.29,-0.23,0.95,1.85,0.36,-0.29,-0.15,-0.39,0.13
eb7f8081aa0bd4004f513d3299db9063,2.71,3.57,3.14,3.64,3.57,n,y,n,y,n,06/15/09 06:13 AM,731,261379,98.23,0.01,264141,0.5,0.06,0.97,0.56,0.63,-0.14,0.0,0.15,-0.29,-0.23,-0.06,0.07,0.22,0.4,-0.2,-0.04,0.13
ecbddbfe00e0f83cfdb802a7186061c7,4.3,2.15,3.6,3.3,4.1,y,n,y,n,y,06/28/09 05:03 AM,739,267574,98.39,0.01,270029,0.5,0.07,0.08,0.29,-0.27,0.14,-0.1,0.28,-0.29,0.03,0.39,0.52,0.21,-0.0,0.92,0.88,0.67
ed17c3b13b9e01ed3d464149e796bcf8,4.75,2.5,2.75,4.25,4.25,y,n,n,y,y,10/07/2009 19:28,1323,871606,99.82,0,872305,0.5,0.01,1.31,0.41,0.87,0.08,-0.88,1.57,-0.29,-0.23,1.53,-0.02,0.97,0.25,0.31,0.88,1.41
ed1dbabbe3ea7fd3f44efc6f6a96db68,3.5,1.6,3.75,3.95,4,n,n,y,y,y,06/27/09 07:20 PM,241,27321.2,95.26,0.03,28150,0.49,0.11,0.6,0.14,-1.46,-1.08,-0.05,-1.06,-0.29,-0.23,-1.26,-1.65,-1.43,-1.08,-1.29,-1.35,-1.5
ed9073376c5004080ba59ac69f2a1cc3,2.75,2.65,3.5,4.1,4.15,n,n,n,y,y,06/24/09 04:34 PM,258,29260.8,88.95,0.07,30879,0.47,0.46,-0.01,-0.01,0.14,-0.52,-0.68,-1.03,-0.29,-0.1,-0.89,-0.72,-1.13,-0.83,-0.66,-0.65,-0.82
efd5faf19d608aed64447940801cbc30,3.8,1.85,3.35,3,4.95,y,n,n,n,y,06/16/09 10:00 PM,58,1054.67,66.08,0.08,1516,0.47,0.12,0.22,-0.16,0.71,0.41,-0.14,0.05,0.74,-0.23,0.21,-0.15,0.08,-0.08,-0.09,0.84,0.12
f2026b8cb48aff9af31577ecbfda5c38,2.75,2.5,4,3,4.75,n,n,y,n,y,06/24/09 12:14 AM,731,264627,99.45,0.01,265324,0.5,0.02,0.2,-0.13,0.26,-0.19,0.0,0.22,0.05,-0.23,0.14,0.27,0.07,-0.34,-0.16,-0.01,-0.1
f52fecbb0d9b299c889087accdf4cc50,4.15,2,3.75,4.1,3.95,y,n,y,y,y,06/17/09 03:09 PM,298,42048.1,95.66,0.03,43144,0.49,0.12,0.02,0.22,0.46,-0.77,-0.34,-0.25,-0.29,-0.23,-0.68,-0.18,-0.6,-0.56,-0.82,-1.35,-0.85
f65fd0385c972159743d21700c9a7887,2.35,2.85,3.4,2.55,4.8,n,y,n,n,y,08/18/09 11:54 PM,361,58695.3,90.83,0.02,63826,0.49,0.05,-0.41,-0.96,-0.11,-1.08,-0.14,-0.22,-0.29,-0.23,-0.39,-0.82,-0.57,-0.37,-0.72,-0.39,-0.54
f680792c707fafceecafa42020292e9a,4.55,2.15,3.25,3.2,4.9,y,n,n,n,y,08/24/09 12:30 PM,405,78205,96.07,0.01,81253,0.5,0.01,1.08,-1.64,-1.29,-1.08,-0.88,-0.97,-0.29,-0.23,-0.98,-1.65,-1.08,-1.08,-0.72,-1.35,-0.78
f6cb2eff458f065858363e86515beaab,1.33,2.58,2.5,3.83,3.5,n,n,n,y,n,08/09/2009 11:46,85,2972.73,85.28,0.1,3201,0.46,0.37,0.8,-2.71,-0.44,-1.08,-0.88,-1.57,-0.29,-0.23,0.52,-1.65,0.03,-1.08,0.14,1.83,-0.22
f6e7722b811d00a7a40de2ecfab636e6,2.9,1.85,4,3.3,3.85,n,n,y,n,y,11/19/09 10:38 PM,478,111885,98.55,0.01,113210,0.5,0.02,0.57,-0.7,-0.6,-0.08,0.3,-0.04,-0.29,-0.23,-0.53,-0.35,-0.1,-0.51,-0.26,-0.2,-0.78
f725d0ec71a511886168c30cef6468d9,3.5,1.89,4.1,3.2,4.3,n,n,y,n,y,08/25/09 06:46 AM,139,8137.73,86.09,0.08,8817,0.47,0.39,0.14,-0.16,0.42,-0.25,0.3,0.31,-0.29,0.03,0.44,0.18,0.13,0.6,0.23,-0.01,0.52
f7456ac4e6b20911c40fdad18908a8d2,4.25,1.55,4.45,4.35,3.8,y,n,y,y,y,06/16/09 10:16 PM,317,44228.9,88.87,0.03,48360,0.49,0.17,-0.06,-0.16,0.26,1.66,0.74,1.39,0.05,-0.23,1.89,1.59,1.95,1.24,1.38,2.4,2.04
f80644859abfbc92e9a92072c2dc50fa,2.1,3,3.9,4.15,4.8,n,y,y,y,y,06/18/09 10:43 PM,307,42793.6,91.7,0.04,45225,0.48,0.23,0.57,0.25,0.75,-0.19,0.1,0.08,-0.29,-0.23,0.11,0.12,0.18,-0.42,-0.49,0.3,0.15
f83aa7290cf3ae8ed75d6aee5ebbb559,2.65,1.7,3.95,3,3.15,n,n,y,n,n,07/26/09 09:00 PM,313,48253.6,99.46,0.01,48356,0.5,0.01,-2.59,3.25,-2.48,-1.08,-0.05,-1.57,-0.29,-0.23,-1.26,-1.08,-1.27,-1.08,-1.05,-1.35,-1.5
fbe5aa478508d1dc931427ade5d9e1b4,3.25,2.75,2.25,4,4,n,n,n,y,y,12/25/09 04:47 PM,231,22856.8,86.79,0.06,24946,0.47,0.36,-0.92,-0.77,-0.11,0.74,0.74,-0.09,-0.29,-0.23,-0.92,-0.55,0.47,-0.03,1.08,0.75,0.68
fc1c9fb6c64740edcbbf8cfe9dde8b02,3.55,2.25,3.9,2.8,4,n,n,y,n,y,10/22/09 12:03 AM,257,24340.7,74.57,0.05,31404,0.48,0.16,0.97,0.6,0.71,-0.17,0.44,-0.45,-0.29,0.72,-0.14,0.95,-0.01,0.3,-0.13,-0.39,-0.15
fe22087986fdcc65939c793fe0ec90a9,3.45,2.55,3.15,3.5,2.9,n,n,n,y,n,08/04/2009 05:11,95,4143.03,94.78,0.05,4239,0.48,0.16,0.17,-0.39,0.75,0.03,-0.14,0.08,-0.29,-0.23,-0.5,0.18,-0.43,-0.53,-0.36,-0.71,-0.61
fffafe151f07a30a0ede2038a897b680,3.05,1.8,3.35,2.95,4.35,n,n,n,n,y,07/22/09 05:54 PM,144,6219.2,61.25,0.15,8791,0.43,0.48,-0.32,-0.73,-0.72,-0.94,-0.14,-0.37,-0.29,0.09,-0.44,-0.65,-0.66,-1.0,-0.58,0.56,-0.4
